name,type,district,accessibility,travel_time_min,dist_to_fault_km
合肥市强大化工有限公司,危险源,蜀山区,正常可达,1.27,14.19
安徽江南化工股份有限公司,危险源,蜀山区,正常可达,0.0,11.28
合肥振达化工有限公司,危险源,肥西县,正常可达,1.56,15.62
安徽瑞辰丰源化工有限公司,危险源,庐阳区,不可达,999.0,3.87
安徽华尔泰化工股份有限公司,危险源,蜀山区,正常可达,4.18,10.83
国超化工,危险源,包河区,不可达,999.0,4.28
合肥三贡化工有限公司,危险源,瑶海区,不可达,999.0,2.14
合肥超宇化工有限公司,危险源,瑶海区,不可达,999.0,1.32
合肥飞建化工有限责任公司,危险源,瑶海区,不可达,999.0,2.9
合肥振源化工有限公司,危险源,瑶海区,不可达,999.0,4.13
安徽辰可化工有限公司,危险源,包河区,正常可达,2.39,12.62
化工厂(公交站),危险源,瑶海区,不可达,999.0,0.54
化工厂(快速公交站),危险源,瑶海区,不可达,999.0,0.56
金皖化工厂,危险源,瑶海区,不可达,999.0,3.22
安徽金顺化工有限公司,危险源,瑶海区,不可达,999.0,1.66
八通水玻璃厂,危险源,肥东县,不可达,999.0,1.93
合肥聚炎热能设备有限公司,危险源,肥东县,正常可达,0.0,2.21
合肥康达化工有限公司,危险源,肥东县,不可达,999.0,7.6
合肥益丰化工有限公司,危险源,肥东县,不可达,999.0,0.95
合肥先微气体有限公司(肥东工厂),危险源,肥东县,不可达,999.0,0.87
合肥市森瑞化工有限责任公司,危险源,肥东县,不可达,999.0,0.3
中盐安徽天辰化工有限公司,危险源,肥东县,不可达,999.0,0.41
广钢气体合肥电子特气项目部,危险源,蜀山区,不可达,999.0,2.18
福凯沙石场,危险源,肥西县,正常可达,1.38,24.31
合肥天威石化有限公司,危险源,蜀山区,正常可达,1.61,14.73
合肥珺豪园林绿化工程有限公司,危险源,蜀山区,正常可达,8.55,15.01
合肥雅翔金属制品有限公司,危险源,长丰县,不可达,999.0,0.09
合肥大手笔金属制品有限公司,危险源,肥西县,正常可达,1.95,19.06
安徽福禧化工有限公司,危险源,蜀山区,正常可达,4.3,10.4
合肥普纳斯化工科技有限公司,危险源,蜀山区,正常可达,0.0,11.28
安徽博讯园林绿化工程有限公司,危险源,蜀山区,正常可达,0.0,8.07
安徽堎东绿化工程有限公司,危险源,蜀山区,正常可达,0.0,7.88
安徽捷成电气自动化工程有限公司,危险源,肥西县,正常可达,0.65,15.16
合肥宏伟园林绿化工程有限公司,危险源,肥西县,正常可达,0.97,24.1
中石化第四建设有限公司,危险源,肥西县,正常可达,1.81,23.37
合肥市松磊园林绿化工程有限公司,危险源,肥西县,正常可达,1.5,22.34
安徽创景园林绿化工程有限公司,危险源,蜀山区,正常可达,5.38,8.98
安徽美程化工有限公司,危险源,蜀山区,正常可达,4.8,6.4
安徽天澜园林绿化工程有限公司,危险源,蜀山区,正常可达,2.76,14.45
安徽施泰化工有限公司,危险源,蜀山区,不可达,999.0,5.25
安徽乾忱化工科技有限公司,危险源,蜀山区,不可达,999.0,4.32
安徽万晟达智能化工程有限公司,危险源,长丰县,不可达,999.0,0.55
合肥德研化工科技有限公司,危险源,庐阳区,不可达,999.0,1.97
合肥沐燚金属科技有限公司,危险源,蜀山区,正常可达,1.15,7.94
悦汐影视文化工作室,危险源,蜀山区,正常可达,2.49,7.25
安徽拓孚化工有限公司,危险源,蜀山区,正常可达,0.54,8.15
合肥中宏化工有限公司,危险源,蜀山区,正常可达,3.11,12.7
安徽德利来化工科技有限公司,危险源,蜀山区,正常可达,0.71,8.83
安徽德创净化工程公司,危险源,蜀山区,正常可达,0.71,8.85
安徽双佳净化工程有限公司,危险源,肥西县,正常可达,2.9,20.93
科林尔净化工程有限公司,危险源,庐阳区,不可达,999.0,3.45
合肥胜峰化工仪器有限公司,危险源,庐阳区,不可达,999.0,3.82
安徽化工院检测评价科技有限公司,危险源,庐阳区,不可达,999.0,1.82
合肥信立化工有限公司,危险源,蜀山区,不可达,999.0,4.79
安徽唯真化工进出口有限公司,危险源,包河区,不可达,999.0,4.11
中化化肥有限公司安徽分公司,危险源,包河区,正常可达,0.85,7.61
安徽亨通金属制品有限公司,危险源,包河区,不可达,999.0,4.27
合肥合胜金属科技有限公司,危险源,瑶海区,不可达,999.0,2.15
合肥恒大园林绿化工程有限公司,危险源,瑶海区,不可达,999.0,0.07
中化学东华安徽新材料有限公司碳基高性能材料产业示范项目,危险源,瑶海区,不可达,999.0,3.7
合肥跃强金属制品有限公司,危险源,包河区,正常可达,0.0,3.16
安徽巨耀净化工程有限公司,危险源,瑶海区,不可达,999.0,1.46
合肥跃强金属制品有限公司,危险源,包河区,不可达,999.0,4.5
安徽云燕化工科技有限公司,危险源,瑶海区,不可达,999.0,1.07
华友化工国际贸易(上海)有限公司,危险源,瑶海区,正常可达,0.38,6.57
中国化学土木工程华东公司安徽区域经营中心,危险源,包河区,正常可达,0.0,5.73
安徽圣帆化工有限公司,危险源,瑶海区,不可达,999.0,5.2
安徽翠海园林绿化工程有限公司,危险源,包河区,正常可达,2.93,12.21
合肥精英化工产品有限公司,危险源,瑶海区,不可达,999.0,0.79
合肥倍力得金属制品有限公司,危险源,包河区,不可达,999.0,4.89
合肥勇银石油化工有限公司,危险源,包河区,不可达,999.0,5.25
安徽友昌化工有限公司,危险源,瑶海区,正常可达,3.12,7.84
恒吉食品化工商贸,危险源,瑶海区,不可达,999.0,0.54
安徽祥能石油化工有限公司,危险源,瑶海区,不可达,999.0,0.2
合肥必胜必和化工建材有限公司,危险源,肥东县,不可达,999.0,2.07
合肥奥森金属制品有限公司,危险源,肥东县,不可达,999.0,1.94
合肥昊艺金属制品有限公司(泗水路),危险源,肥东县,不可达,999.0,3.93
合肥洁新净化工程有限公司,危险源,肥东县,不可达,999.0,1.77
安徽美信净化工程有限公司,危险源,肥东县,不可达,999.0,1.84
合肥金园地景观绿化工程有限公司,危险源,肥东县,不可达,999.0,2.58
安徽布尔自动化工程有限公司,危险源,蜀山区,正常可达,1.48,12.36
安徽诚正达化工有限公司,危险源,瑶海区,不可达,999.0,0.64
中铁四局集团有限公司新站高新区综合水质净化工程项目部,危险源,瑶海区,不可达,999.0,2.5
安徽茁禾净化工程有限公司,危险源,瑶海区,正常可达,0.0,5.95
合肥忠豪石油化工有限公司,危险源,瑶海区,不可达,999.0,3.06
合肥汇智化工技术有限公司,危险源,蜀山区,正常可达,5.14,9.53
安徽嘉力德冶金设备制造有限公司,危险源,肥东县,不可达,999.0,0.1
合肥晓坤机电工程有限公司,危险源,肥西县,正常可达,2.29,19.95
合肥泰华金属制造有限责任公司C区,危险源,瑶海区,不可达,999.0,0.97
安徽驰尖金属制品有限公司,危险源,瑶海区,不可达,999.0,4.28
安徽百盈金属制品有限公司,危险源,庐阳区,不可达,999.0,2.0
安徽中正化工有限公司,危险源,庐阳区,不可达,999.0,0.49
国石化工设计院(安徽省)有限公司,危险源,包河区,不可达,999.0,4.46
联特金属制品有限公司,危险源,长丰县,不可达,999.0,2.05
中国中冶,危险源,包河区,正常可达,3.7,10.37
安徽御徽金属制品有限公司,危险源,瑶海区,不可达,999.0,0.55
合肥中星金属制品有限公司,危险源,包河区,正常可达,0.0,3.16
合肥联涂化工产品有限公司仓库,危险源,肥东县,不可达,999.0,1.27
中铁十二局集团电气化工程有限公司新桥机场S1线供电项目,危险源,长丰县,不可达,999.0,2.52
合肥英松臻品金属制品有限公司(暂停营业),危险源,肥东县,正常可达,3.37,7.06
安徽和世金属有限公司,危险源,瑶海区,正常可达,1.02,6.63
安徽省中龙金属制品有限公司,危险源,长丰县,不可达,999.0,6.87
勤石化工原料有限公司,危险源,包河区,正常可达,0.96,5.64
中化学建设投资集团安徽工程有限公司五里庙复建点项目部,危险源,包河区,不可达,999.0,2.01
安徽天佰石化有限公司,危险源,瑶海区,不可达,999.0,5.17
合肥风雨辉煌园林绿化工程有限公司,危险源,肥西县,正常可达,0.0,25.64
合肥奇顺金属科技有限公,危险源,肥东县,正常可达,2.29,5.63
安徽众鑫金属制品有限公司,危险源,长丰县,不可达,999.0,1.97
中化学交通建设集团市政工程有限公司,危险源,肥西县,正常可达,2.06,21.52
合肥市璟权纸箱包装材料有限公司,危险源,肥西县,正常可达,0.4,15.82
安徽三淼园林绿化工程有限公司,危险源,长丰县,不可达,999.0,2.38
中科科正自动化工程有限公司,危险源,长丰县,不可达,999.0,2.8
合肥市佳圣金属制品有限公司,危险源,肥东县,不可达,999.0,0.11
中国化学工程第三建设有限公司合肥经开区生物医药产业园基础设施建设项目经理部,危险源,蜀山区,正常可达,3.11,11.17
安徽浩建净化工程有限公司,危险源,包河区,正常可达,3.8,16.56
合肥军凤园林绿化有限公司,危险源,瑶海区,不可达,999.0,1.92
合肥森磊园林绿化工程有限公司,危险源,肥西县,正常可达,1.86,24.9
合肥曙兴化工有限公司,危险源,蜀山区,正常可达,5.77,11.95
合肥南亭金属制品有限公司,危险源,肥东县,不可达,999.0,1.88
安徽徽丽化工科技有限公司,危险源,包河区,正常可达,2.83,7.55
合肥玖龙化工有限公司,危险源,肥东县,正常可达,4.12,7.58
中国石化销售股份有限公司安徽合肥石油分公司,危险源,瑶海区,不可达,999.0,2.82
安徽省爱索进出口有限公司,危险源,蜀山区,不可达,999.0,5.24
安徽合悦智能信息工程有限公司,危险源,肥西县,正常可达,1.36,20.24
氯碱化工污染治理一期东一A地块污染土壤修复项目高能环境项目部,危险源,瑶海区,不可达,999.0,0.25
安徽科芯微流化工科技有限公司,危险源,肥西县,正常可达,0.65,15.19
安徽源瑶铝业有限公司,危险源,肥东县,不可达,999.0,0.25
安徽万航净化工程有限公司,危险源,瑶海区,正常可达,0.0,5.97
安徽聚合辐化化工有限公司(佛子岭路),危险源,蜀山区,正常可达,0.54,8.3
江门市长河化工实业集团有限公司安徽办事处,危险源,庐阳区,不可达,999.0,0.11
安徽建工港通新材料科技有限公司,危险源,肥东县,不可达,999.0,1.48
合肥华徽安防智能化工程有限公司,危险源,蜀山区,正常可达,4.11,6.35
合肥皓晟盘扣脚手架租赁有限公司,危险源,肥东县,不可达,999.0,0.09
合肥雄鹰电子电器有限公司3号厂房,危险源,肥西县,正常可达,0.03,13.48
氯碱化工污染治理一期-东一地块(B)污染土壤修复项目部(卓锦股份),危险源,瑶海区,不可达,999.0,0.27
中国石化销售股份有限公司安徽合肥石油分公司,危险源,瑶海区,正常可达,0.0,7.44
合肥汇智化工技术公司,危险源,肥西县,正常可达,0.0,16.91
肥西县富瑞达园林绿化工程有限公司,危险源,肥西县,正常可达,1.16,21.78
合肥兴港金属制品有限公司,危险源,肥东县,不可达,999.0,0.23
合肥晨鑫金属制品有限公司,危险源,长丰县,不可达,999.0,1.43
标成园林绿化工程有限公司,危险源,肥西县,正常可达,6.38,30.77
安徽东鸿不锈钢铝板金属激光焊接加工中心,危险源,肥东县,不可达,999.0,1.81
安徽其富园林绿化工程有限公司,危险源,肥西县,正常可达,0.0,25.64
合肥美硕光电亮化工程有限公司,危险源,瑶海区,不可达,999.0,4.43
合肥尔高化工有限公司,危险源,蜀山区,正常可达,2.84,12.18
中国石化销售股份有限公司安徽合肥石油分公司,危险源,庐阳区,正常可达,0.0,4.47
中国化学工程第三建设有限公司新桥核心部件产业园及基础设施配套项目经理部,危险源,蜀山区,不可达,999.0,2.1
中国石化销售股份有限公司安徽合肥石油分公司,危险源,包河区,正常可达,2.99,6.4
宇州金属(安徽)有限公司,危险源,肥东县,正常可达,0.0,2.0
安徽铂爵新材料环保科技有限公司合肥分公司,危险源,肥东县,不可达,999.0,3.33
安徽中正化工有限公司,危险源,庐阳区,不可达,999.0,3.84
合肥安怡金属制品有限公司,危险源,庐阳区,不可达,999.0,4.76
中石化肥西石油分公司,危险源,肥西县,正常可达,0.0,19.54
安徽品悦自动化工程有限公司,危险源,包河区,正常可达,0.57,6.4
中铁四局集团电气化工程有限公司安徽铁路分公司,危险源,肥东县,正常可达,1.43,8.2
合肥万春园林绿化工程有限责任公司,危险源,庐阳区,不可达,999.0,0.29
安徽杨森新材料有限公司,危险源,肥东县,不可达,999.0,1.48
中化学建设投资集团安徽工程有限公司,危险源,包河区,正常可达,2.05,7.31
安徽珂鸣商贸有限公司,危险源,瑶海区,正常可达,1.21,6.58
合肥广远建筑智能化工程有限责任公司,危险源,包河区,不可达,999.0,5.3
肥西县创和园林绿化工程有限公司,危险源,肥西县,正常可达,3.05,28.69
合肥荣美园林绿化工程有限公司,危险源,肥西县,正常可达,4.02,25.22
君蓝吨桶出售,危险源,肥西县,正常可达,0.4,15.14
中国化学第三建设有限公司巨一动力项目部,危险源,包河区,正常可达,3.34,5.93
安徽金品林园林绿化工程有限公司,危险源,肥西县,正常可达,0.84,25.05
安徽丰正金属制品有限公司,危险源,瑶海区,不可达,999.0,1.16
中国化学工程第三建设有限公司安徽久易项目,危险源,肥东县,不可达,999.0,0.88
安徽祥冠化工科技有限公司,危险源,肥东县,不可达,999.0,1.07
合肥方胜管道设备有限公司,危险源,包河区,不可达,999.0,3.49
安徽锐峰园林绿化工程有限公司,危险源,肥西县,正常可达,8.44,12.92
安徽省蚌埠市联合消防器材有限公司合肥分公司,危险源,包河区,不可达,999.0,3.48
合肥森特自动化工程有限公司,危险源,肥西县,正常可达,0.0,16.6
合肥长江自动化工程有限公司,危险源,庐阳区,不可达,999.0,4.6
安徽尚化物联网科技有限公司,危险源,包河区,不可达,999.0,4.12
中化学交通建设集团建筑工程有限公司,危险源,蜀山区,正常可达,0.0,7.88
合肥江新化工科技有限公司,危险源,蜀山区,正常可达,14.79,12.06
中国石化合肥潜山路加油站,危险源,蜀山区,正常可达,1.84,7.19
中国石化合欢路加油站,危险源,蜀山区,正常可达,1.36,8.82
中国石化环湖东路加油站,危险源,蜀山区,正常可达,0.75,8.85
中国石化大众加油站,危险源,蜀山区,正常可达,2.76,7.51
合肥公交双谊加油站,危险源,蜀山区,正常可达,0.33,9.64
中国石化望江西路加油站,危险源,蜀山区,不可达,999.0,6.58
中国石油南天加油站,危险源,蜀山区,正常可达,1.72,7.15
中国石油顺通加油站,危险源,包河区,正常可达,2.14,8.27
中国石油皖庆加油站,危险源,包河区,正常可达,0.33,9.78
中国石化金寨南路加油站,危险源,包河区,正常可达,4.26,7.3
中国石化高新区加油站,危险源,蜀山区,正常可达,4.82,6.51
中国石油祁门路加油站,危险源,包河区,正常可达,1.25,8.3
中国石化安达石化加油站,危险源,蜀山区,不可达,999.0,5.33
中国石化集贤路加油站,危险源,肥西县,正常可达,2.89,12.17
中国石化五里墩加油站,危险源,蜀山区,不可达,999.0,4.66
常青加油站,危险源,包河区,正常可达,1.5,7.67
中国石化宿松路加油站,危险源,包河区,正常可达,4.6,5.71
安中石油加油站,危险源,蜀山区,不可达,999.0,3.97
中国石化大龙加油站,危险源,蜀山区,正常可达,4.62,7.05
中国石油金凌加油站,危险源,包河区,正常可达,3.66,6.95
中国石化桐城路加油站,危险源,包河区,正常可达,2.99,6.73
翔孚石化交通能源综合站,危险源,包河区,正常可达,2.64,8.5
海湾石油正发加油站,危险源,肥西县,正常可达,0.69,14.2
中国石化银环加油站,危险源,蜀山区,不可达,999.0,3.49
中国石化肥西通达加油站,危险源,肥西县,正常可达,0.69,13.64
中国石化合肥长江西路加油站,危险源,蜀山区,正常可达,3.96,7.64
中国石化潜山北路加油站,危险源,蜀山区,不可达,999.0,3.59
合肥中油桃花加油站,危险源,肥西县,正常可达,0.03,13.45
中国石油东陈岗加油站,危险源,包河区,不可达,999.0,4.36
海湾石油新盛加油站,危险源,肥西县,正常可达,1.02,14.91
中国石化繁华大道加油站,危险源,包河区,正常可达,3.83,8.95
中国石化清溪路加油站,危险源,蜀山区,不可达,999.0,2.87
中国石化振东加油站,危险源,包河区,不可达,999.0,3.68
中国石油中环加油站,危险源,蜀山区,不可达,999.0,2.7
市政加油站(清溪路),危险源,蜀山区,不可达,999.0,2.46
中国石化加油站(龙川路),危险源,包河区,正常可达,1.18,8.04
祥能石油加油站(西一环路),危险源,蜀山区,不可达,999.0,3.17
中国石化华泰加油站,危险源,包河区,正常可达,0.0,5.62
翔孚石化加油站(马鞍山南路站),危险源,包河区,不可达,999.0,4.72
新港石化加油站,危险源,庐阳区,不可达,999.0,1.42
中国石油杏花加油站,危险源,庐阳区,不可达,999.0,1.59
亳州路桥加油站,危险源,庐阳区,不可达,999.0,1.31
合肥客运高铁南加油站,危险源,包河区,正常可达,12.08,7.3
中国石油锦天加油站,危险源,蜀山区,正常可达,4.43,14.67
中国石化桃花源加油站,危险源,肥西县,正常可达,0.91,15.94
中国石油繁华西路加油站,危险源,肥西县,正常可达,1.61,15.35
中国石油美菱大道加油站,危险源,包河区,正常可达,6.78,7.71
中国石化四里河路加油站,危险源,庐阳区,不可达,999.0,1.49
中国石化芜湖路加油站,危险源,包河区,不可达,999.0,1.87
中国石化固镇路加油站,危险源,庐阳区,不可达,999.0,2.75
中国石化方兴大道加油站,危险源,肥西县,正常可达,2.79,16.12
中国石化大华加油站,危险源,肥西县,正常可达,0.6,16.37
中国石化临泉路加油站,危险源,庐阳区,不可达,999.0,0.67
中国石油金环加油站,危险源,庐阳区,不可达,999.0,2.27
中国石化屯溪路加油站,危险源,包河区,不可达,999.0,2.46
中国石油北门加油站,危险源,庐阳区,不可达,999.0,0.56
川能石化加油站,危险源,包河区,不可达,999.0,4.41
中国石化金山加油站,危险源,蜀山区,正常可达,5.13,9.68
中国石油新世纪加油站,危险源,蜀山区,正常可达,2.21,9.88
中国石油顺达加油站,危险源,蜀山区,正常可达,0.45,17.02
中国石油兴球加油站,危险源,蜀山区,正常可达,1.38,17.05
翔孚石化文南路综合能源加油站,危险源,肥西县,正常可达,1.14,14.58
中国石化阜阳北路加油站,危险源,庐阳区,不可达,999.0,0.51
中国石化桃花第一站加油站,危险源,庐阳区,不可达,999.0,0.39
合客石化明光路加油站,危险源,瑶海区,不可达,999.0,0.5
虹弯石化翡翠路加油站,危险源,肥西县,正常可达,3.65,17.81
安中石油全椒路加油站,危险源,瑶海区,不可达,999.0,0.65
合客石化三角线加油站,危险源,瑶海区,不可达,999.0,0.95
中国石化示范加油站,危险源,瑶海区,不可达,999.0,1.39
中国石化新淝加油站,危险源,包河区,不可达,999.0,2.83
中国石化北苑加油站,危险源,庐阳区,不可达,999.0,1.17
滨湖绿岛加油站,危险源,包河区,正常可达,2.95,14.13
中国石化金三角加油二站,危险源,瑶海区,不可达,999.0,2.68
中国石化上派加油站,危险源,肥西县,正常可达,0.0,19.55
中化石油合肥裕丰加油站,危险源,瑶海区,不可达,999.0,0.23
中国石化沁源路加油站,危险源,蜀山区,正常可达,2.05,7.72
中国石化花园大道加油站,危险源,包河区,正常可达,3.27,7.68
中国石化繁华西路加油站,危险源,肥西县,正常可达,3.17,17.45
中国石化广西路加油站,危险源,包河区,正常可达,8.89,14.63
中国石油乌鲁木齐路加油站,危险源,包河区,正常可达,0.57,6.71
中国石化锦绣大道加油站,危险源,包河区,正常可达,2.24,11.13
中国石化杭州路加油站,危险源,包河区,正常可达,2.27,16.37
中国石化新桥加油站,危险源,肥西县,正常可达,2.05,20.4
中国石化珠江路加油站,危险源,包河区,正常可达,1.68,17.19
中国石油合裕路加油站,危险源,瑶海区,正常可达,0.0,1.1
中国石油天水路加油站,危险源,瑶海区,不可达,999.0,5.43
顺孚石化京商商贸城加油站,危险源,瑶海区,正常可达,0.38,6.46
中国石化新安江加油站,危险源,瑶海区,不可达,999.0,0.69
中国石油杭埠河大道加油站,危险源,肥西县,正常可达,2.96,20.9
中国石化紫石路加油站,危险源,蜀山区,正常可达,5.41,18.99
紫云湖加油站,危险源,肥西县,正常可达,2.28,21.14
中国石化邵大郢加油站,危险源,庐阳区,正常可达,0.0,4.44
中国石油卫乡加油站,危险源,包河区,不可达,999.0,3.0
中国石油江淮大道加油站,危险源,肥西县,正常可达,2.1,18.72
中国石油双河加油站,危险源,蜀山区,正常可达,17.54,12.23
中国石化始信路加油站,危险源,包河区,正常可达,1.73,17.46
中国石化蚌埠路加油站,危险源,瑶海区,不可达,999.0,0.66
中国海油新安江路加油站,危险源,瑶海区,不可达,999.0,1.76
中国石油全椒路加油站,危险源,瑶海区,不可达,999.0,0.62
中国石油铜陵路加油站,危险源,瑶海区,不可达,999.0,0.9
中国石油漕冲加油站,危险源,瑶海区,不可达,999.0,1.7
中国石化耀远路加油站,危险源,庐阳区,不可达,999.0,2.76
中国石化合肥响洪甸路加油站,危险源,蜀山区,正常可达,9.2,11.69
中国石化振新加油站,危险源,瑶海区,不可达,999.0,0.74
中国石化大地加油站,危险源,肥西县,正常可达,1.09,22.48
中国石化环湖加油站,危险源,庐阳区,不可达,999.0,0.21
安中石油合裕路加油站,危险源,瑶海区,正常可达,0.0,1.08
中国石化太原路加油站,危险源,包河区,正常可达,5.68,6.46
中国石化安徽合肥合店加油站,危险源,瑶海区,不可达,999.0,2.81
中国石油富兴加油站,危险源,庐阳区,不可达,999.0,4.32
中国石化蓬莱路加油站,危险源,肥西县,正常可达,2.02,21.6
中国石化桥庆加油站,危险源,瑶海区,不可达,999.0,1.44
中国石化前岭路加油站,危险源,瑶海区,正常可达,0.0,7.44
祥能石化长江东路加油站,危险源,瑶海区,不可达,999.0,3.37
中国石化东方大道加油站,危险源,瑶海区,不可达,999.0,3.49
徽京能源加油站,危险源,瑶海区,不可达,999.0,0.77
中国石化泰山路加油站,危险源,包河区,不可达,999.0,3.88
中国石化巢湖路加油站,危险源,包河区,不可达,999.0,2.52
翔孚石化裕安加油站(绿城雅苑东南),危险源,长丰县,不可达,999.0,1.28
中化石油岗集加油站,危险源,长丰县,不可达,999.0,1.36
公交淝河加油站,危险源,包河区,不可达,999.0,3.88
中国石油宏大加油站,危险源,庐阳区,不可达,999.0,0.54
中化石油合肥双凤加油站,危险源,长丰县,不可达,999.0,0.91
中国石油裕利加油站,危险源,瑶海区,不可达,999.0,0.32
中国石化飞龙加油站,危险源,肥东县,不可达,999.0,1.25
中国石化杭清加油站,危险源,肥西县,正常可达,2.96,22.53
中国石化魏武路加油站,危险源,长丰县,不可达,999.0,0.15
中国石油新大加油站,危险源,瑶海区,不可达,999.0,0.47
中国石油顺风加油站,危险源,肥西县,正常可达,2.92,22.94
中国石化新能源加油站,危险源,瑶海区,不可达,999.0,4.24
中国石油大店加油站,危险源,瑶海区,不可达,999.0,4.24
中国石油加油站(合肥张庙站),危险源,长丰县,不可达,999.0,1.26
中国石油富民加油站,危险源,瑶海区,不可达,999.0,3.93
中国石油合肥双墩加油站,危险源,长丰县,不可达,999.0,1.85
中国石化土山加油站,危险源,长丰县,不可达,999.0,0.56
中国石化淮海路加油站,危险源,瑶海区,正常可达,4.12,8.59
中国石化银河加油站,危险源,长丰县,不可达,999.0,2.07
中国石化包公大道加油站,危险源,肥东县,正常可达,1.43,7.52
中国石化关井路加油站,危险源,瑶海区,正常可达,3.16,8.14
中国石化运河新城加油站,危险源,蜀山区,正常可达,2.06,16.68
中国石化肥东服务区南加油站,危险源,肥东县,不可达,999.0,5.35
中国石化少荃湖加油站,危险源,瑶海区,正常可达,5.91,6.72
中国石油龙源加油站,危险源,肥东县,不可达,999.0,1.87
中国石油龙发加油站,危险源,肥东县,不可达,999.0,1.53
中国石化北城加油站,危险源,长丰县,不可达,999.0,4.48
海恒石油平安加油站,危险源,长丰县,不可达,999.0,0.51
中国石化中岗加油站,危险源,肥东县,不可达,999.0,1.89
中国石化津源加油站,危险源,肥东县,正常可达,1.79,6.51
中国石化肥东顺达加油站,危险源,肥东县,不可达,999.0,5.29
马达出行合肥怀远路加油站,危险源,瑶海区,不可达,999.0,0.18
中国石油紫蓬山加油站,危险源,肥西县,正常可达,1.4,23.96
中国石化肥东服务区北加油站,危险源,肥东县,不可达,999.0,5.34
中国石化龙城路加油站,危险源,肥东县,正常可达,4.56,5.34
龙东石化龙东加油站(合店路辅路),危险源,肥东县,正常可达,2.3,6.18
中国石化严店加油站,危险源,肥西县,正常可达,6.12,16.67
中国石化小庙加油站,危险源,蜀山区,正常可达,2.06,15.49
中国石化众兴服务区北加油站,危险源,肥东县,不可达,999.0,2.86
中国石油劳武加油站,危险源,长丰县,不可达,999.0,1.18
中国石油店忠路加油站,危险源,肥东县,正常可达,11.38,6.54
中国石油天成加油站,危险源,肥西县,正常可达,2.24,28.79
中国石化合肥新桥机场加油站,危险源,蜀山区,不可达,999.0,2.37
中国石化众兴服务区南加油站,危险源,肥东县,不可达,999.0,3.19
中国石化蒙城北路加油站,危险源,长丰县,不可达,999.0,6.69
中国石油皖源加油站,危险源,肥东县,不可达,999.0,1.88
中国石化店埠加油站,危险源,肥东县,正常可达,7.26,7.13
中国石油顺源加油站,危险源,肥东县,正常可达,4.79,8.05
中国石化丰乐服务区西加油站,危险源,肥西县,正常可达,0.0,17.64
中国石化南环路加油站,危险源,肥东县,正常可达,7.21,7.69
中国石化长临河服务区加油站,危险源,肥东县,不可达,999.0,0.71
中国石化丰乐服务区东加油站,危险源,肥西县,正常可达,0.0,17.55
分路加油站,危险源,蜀山区,正常可达,5.85,11.56
祥能石化加油站(长临河站),危险源,肥东县,不可达,999.0,0.01
中国石化繁华东路加油站,危险源,肥东县,不可达,999.0,1.11
中国石化城关加油站,危险源,肥东县,正常可达,5.44,7.35
中国石油振兴加油站,危险源,肥东县,不可达,999.0,2.08
中国石化肥东四顶山路加油站,危险源,肥东县,正常可达,8.6,7.09
中国石化合蚌路第二加油站,危险源,肥东县,正常可达,1.41,8.6
中国石化合蚌路第一加油站,危险源,肥东县,正常可达,3.79,8.84
中国石化花岗加油站,危险源,肥西县,正常可达,7.8,30.37
中国石油石塘路加油站,危险源,肥东县,正常可达,5.44,5.76
中国石油江淮加油站,危险源,长丰县,不可达,999.0,6.68
龙东石化南巡加油站,危险源,肥东县,不可达,999.0,0.88
龙东石化中东加油站,危险源,肥东县,不可达,999.0,0.5
合肥盛鸿四合加油站,危险源,肥西县,正常可达,6.94,30.31
中国石化三河加油站,危险源,肥西县,正常可达,11.62,8.02
NWI新仓加油站,危险源,肥西县,正常可达,8.85,23.84
中国石油鸡龙山加油站,危险源,肥东县,不可达,999.0,0.04
中国石油中庙加油站,危险源,巢湖市,不可达,999.0,2.35
安徽省肥东县太子山化工有限责任公司,危险源,肥东县,不可达,999.0,1.06
化工厂(公交站),危险源,巢湖市,不可达,999.0,0.46
三拐沙石场,危险源,庐江县,不可达,999.0,0.44
合肥欣泓金属科技有限公司,危险源,庐江县,不可达,999.0,2.08
鑫棋化工设备,危险源,庐江县,不可达,999.0,14.27
中国化学工程第十三建设有限公司,危险源,巢湖市,不可达,999.0,1.42
六国化工,危险源,长丰县,不可达,999.0,27.25
安徽赛可思金属科技有限公司,危险源,庐江县,不可达,999.0,0.58
合肥腾硕化工科技有限公司,危险源,庐江县,不可达,999.0,0.04
安徽通源巢湖市城乡供水一体化工程1标段项目经理部,危险源,巢湖市,不可达,999.0,2.09
中铁市政环境建设有限公司庐江龙桥化工园污水处理厂一期提标改造EPC项目经理部,危险源,庐江县,不可达,999.0,10.72
安徽宇辰绿化工程有限公司,危险源,肥东县,不可达,999.0,0.64
肥西县宗一园林绿化工程有限公司,危险源,肥西县,不可达,999.0,26.02
合肥明丽园林绿化工程有限公司,危险源,肥东县,不可达,999.0,2.15
安徽省玛蒂瑞尔化学有限公司,危险源,庐江县,不可达,999.0,0.58
安徽森之源园林绿化工程有限公司,危险源,庐江县,不可达,999.0,0.84
安徽卓德化学科技有限公司,危险源,庐江县,不可达,999.0,12.37
中国化学工程第三建设有限公司,危险源,庐江县,不可达,999.0,13.85
安徽澳永金属制品有限公司,危险源,庐江县,不可达,999.0,9.45
中国化学工程第三建设有限公司华东区域经营中心,危险源,庐江县,不可达,999.0,13.86
合肥毫慷粮食购销有限公司,危险源,庐江县,不可达,999.0,16.9
合肥茗锐化工有限公司,危险源,长丰县,不可达,999.0,22.46
安徽方鹏园林绿化工程有限公司,危险源,庐江县,不可达,999.0,11.58
中国石油合隆加油站(312国道辅路),危险源,蜀山区,不可达,999.0,18.82
吴山鸿运加油站,危险源,长丰县,不可达,999.0,9.06
中国石化高刘加油站,危险源,蜀山区,不可达,999.0,7.03
中国石化大柏店加油站,危险源,蜀山区,不可达,999.0,19.74
中国石化吴山加油站,危险源,长丰县,不可达,999.0,9.49
中国石化罗集加油站,危险源,长丰县,不可达,999.0,13.45
中国石化元疃加油站,危险源,肥东县,不可达,999.0,7.34
中国石化官亭路北加油站,危险源,肥西县,不可达,999.0,21.95
中化石油长镇加油站,危险源,肥西县,不可达,999.0,17.47
中国石化新桥服务区南加油站,危险源,蜀山区,不可达,999.0,9.25
中国石化桥头集加油站,危险源,肥东县,不可达,999.0,0.58
中国石化新桥服务区北加油站,危险源,蜀山区,不可达,999.0,9.17
合肥市消防救援局,消防站,蜀山区,正常可达,2.65,10.89
安徽省消防救援局,消防站,包河区,正常可达,0.0,14.12
安徽省消防救援总队训练与战勤保障支队,消防站,蜀山区,正常可达,1.34,14.15
高新区消防救援大队天乐消防救援站,消防站,蜀山区,正常可达,3.64,7.13
合肥市包河区消防救援局,消防站,包河区,正常可达,0.0,4.26
肥东县消防救援局(撮镇路消防救援站),消防站,肥东县,不可达,999.0,3.96
肥西县消防救援局,消防站,肥西县,正常可达,0.0,19.45
合肥市消防救援支队特勤大队一站,消防站,庐阳区,不可达,999.0,0.29
合肥经济技术开发区消防救援大队,消防站,蜀山区,正常可达,2.38,13.51
合肥市瑶海区漕冲消防救援站,消防站,瑶海区,正常可达,0.0,0.63
合肥市蜀山区消防救援局,消防站,蜀山区,正常可达,0.0,6.2
新站高新区消防消防救援大队,消防站,瑶海区,不可达,999.0,1.63
双凤消防,消防站,长丰县,不可达,999.0,0.95
合肥市瑶海区消防救援局,消防站,瑶海区,不可达,999.0,0.12
合肥市蜀山区小庙消防救援站,消防站,蜀山区,正常可达,14.71,13.72
合肥市庐阳区消防救援局,消防站,庐阳区,不可达,999.0,0.89
合肥市消防救援支队特勤大队三站,消防站,包河区,正常可达,0.0,12.31
包河区消防大队骆岗消防救援站,消防站,包河区,正常可达,0.0,6.33
安徽正华同安消防科技有限公司,消防站,瑶海区,正常可达,7.16,6.53
宝湾国际小型消防站,消防站,长丰县,不可达,999.0,5.07
合肥市包河区万年埠政府专职消防队,消防站,包河区,正常可达,3.66,12.4
蜀山区井岗消防救援站,消防站,蜀山区,正常可达,6.23,7.59
肥东县南环路消防救援站,消防站,肥东县,正常可达,8.22,6.84
天水消防救援站,消防站,瑶海区,不可达,999.0,5.51
长宁中心南岗老街微型消防站,消防站,蜀山区,正常可达,6.94,11.52
合肥消防救援机动支队,消防站,肥东县,正常可达,0.0,5.73
派河消防救援站,消防站,肥西县,正常可达,0.68,23.51
新海消防救援站,消防站,瑶海区,不可达,999.0,4.79
包河大队芜湖路消防救援站,消防站,包河区,不可达,999.0,2.04
合肥新港消防救援站,消防站,肥西县,正常可达,6.44,19.6
合肥祈明消防设备有限责任公司,消防站,瑶海区,不可达,999.0,4.44
合肥经济技术开发区空港消防执勤点,消防站,蜀山区,不可达,999.0,1.98
合肥新站高新技术产业开发区陶冲湖政府专职消防队,消防站,瑶海区,正常可达,1.02,6.9
梅冲湖消防救援站,消防站,长丰县,不可达,999.0,1.0
肥西县花岗镇政府专职消防队,消防站,肥西县,正常可达,12.6,29.84
一鸣消防,消防站,瑶海区,不可达,999.0,1.24
合肥高新区消防救援大队,消防站,蜀山区,正常可达,0.0,10.54
安徽省消防工程有限公司,消防站,庐阳区,不可达,999.0,1.94
肥西县紫蓬镇政府专职消防队,消防站,肥西县,正常可达,3.94,21.48
合肥高新技术开发区消防大队,消防站,蜀山区,正常可达,0.0,10.65
丹霞消防救援站,消防站,蜀山区,正常可达,0.61,13.41
合肥市蜀山区稻香村消防救援站,消防站,蜀山区,正常可达,0.0,6.22
杏花消防救援站,消防站,庐阳区,不可达,999.0,3.57
三孝口消防救援站,消防站,庐阳区,不可达,999.0,2.24
众成工贸·大风消防,消防站,长丰县,不可达,999.0,2.58
庐阳区消防大队,消防站,庐阳区,不可达,999.0,0.93
合肥市包河区望湖消防救援站,消防站,包河区,正常可达,0.0,4.29
合肥天任消防设备有限公司,消防站,包河区,不可达,999.0,3.45
合肥市包河区宿松路消防救援站,消防站,包河区,正常可达,1.61,7.03
安徽消防机动队(公交站),消防站,肥东县,正常可达,0.0,5.82
合肥支队瑶海消防大队,消防站,瑶海区,不可达,999.0,0.11
安盾消防科技工厂直营,消防站,肥东县,不可达,999.0,2.69
合肥市庐阳区沱河消防救援站,消防站,庐阳区,不可达,999.0,4.31
消防劳保五金大卖场,消防站,瑶海区,正常可达,0.09,6.4
龙子湖路专职消防救援站,消防站,瑶海区,不可达,999.0,4.22
循环经济示范园消防站,消防站,肥东县,不可达,999.0,0.59
长丰县徐桥苑消防执勤点,消防站,长丰县,不可达,999.0,3.26
合肥市包河区塘西河消防救援站,消防站,包河区,正常可达,0.0,14.07
长丰县消防救援局,消防站,长丰县,不可达,999.0,0.98
合肥市玉长消防技术有限公司,消防站,蜀山区,正常可达,0.0,14.6
明皇路消防执勤点,消防站,瑶海区,不可达,999.0,4.19
合肥市瑶海区周谷堆消防救援站,消防站,瑶海区,不可达,999.0,0.93
合肥市瑶海区花冲消防救援站,消防站,瑶海区,不可达,999.0,0.12
肥东县经济技术开发区政府专职消防队,消防站,肥东县,正常可达,5.4,7.96
五里墩消防救援站,消防站,蜀山区,不可达,999.0,5.13
安徽成威消防科技有限公司,消防站,蜀山区,正常可达,3.79,7.5
蜀山消防(五里墩中队),消防站,蜀山区,不可达,999.0,5.13
合肥消防救援支队特勤大队二站,消防站,瑶海区,不可达,999.0,2.2
安徽千喜消防工程有限公司,消防站,瑶海区,不可达,999.0,2.12
学林公园专职消防救援站,消防站,瑶海区,正常可达,7.17,5.98
安徽向阳消防安全科技有限公司,消防站,长丰县,不可达,999.0,0.9
绿地中心春台街微型消防站,消防站,包河区,正常可达,1.08,7.73
三河专职消防队,消防站,肥西县,正常可达,0.0,7.31
合肥消防支队特勤三中队,消防站,包河区,正常可达,0.0,12.33
合肥市庐阳区四里河消防救援站,消防站,庐阳区,不可达,999.0,0.93
肥西消防指挥中心,消防站,肥西县,正常可达,0.0,19.4
合肥经济开发区长岗小型消防站,消防站,蜀山区,不可达,999.0,3.05
华丰劳保消防,消防站,肥东县,不可达,999.0,1.96
合肥市消防支队滨湖中队,消防站,包河区,正常可达,0.0,14.06
庐阳消防大队沱河中队,消防站,庐阳区,不可达,999.0,4.27
安徽润兴河消防器材有限公司,消防站,瑶海区,不可达,999.0,0.08
鸣安消防器材(灭火器销售点),消防站,蜀山区,正常可达,2.21,12.33
合肥市庐阳区淮河路步行街消防执勤点,消防站,庐阳区,不可达,999.0,1.26
合肥固客消防报警设备总汇,消防站,包河区,不可达,999.0,3.55
鑫盛消防器材(瑞龙花园店),消防站,长丰县,不可达,999.0,0.42
岗集镇专职消防队,消防站,长丰县,不可达,999.0,2.68
安徽天之水消防科技股份有限公司,消防站,庐阳区,不可达,999.0,4.01
新站消防,消防站,瑶海区,不可达,999.0,4.82
友铭钢材,消防站,肥西县,正常可达,10.84,17.94
包河消防,消防站,包河区,正常可达,0.0,6.32
枞阳路消防站,消防站,瑶海区,不可达,999.0,1.01
曼雨智能消防应急灯,消防站,包河区,不可达,999.0,3.78
安徽省凌跃消防科技有限公司,消防站,瑶海区,不可达,999.0,0.4
乾龙消防器材直营店,消防站,包河区,不可达,999.0,3.58
南七应急消防综合服务站,消防站,蜀山区,正常可达,2.29,7.18
肥东县长临河消防救援站,消防站,肥东县,不可达,999.0,0.43
中叶消防技术有限公司,消防站,长丰县,不可达,999.0,1.34
庐江县同大镇消防执勤点,消防站,庐江县,不可达,999.0,0.24
百安消防安徽办事处,消防站,肥东县,不可达,999.0,1.53
江恒消防物资宝隆钢管,消防站,包河区,不可达,999.0,4.04
经开消防,消防站,蜀山区,正常可达,0.0,13.36
欣久智能消防国泰消防合肥办事处,消防站,包河区,不可达,999.0,3.44
安徽湘江消防工程有限公司,消防站,包河区,不可达,999.0,2.98
安徽省正平消防工程有限公司,消防站,蜀山区,不可达,999.0,2.96
安徽成威消防科技有限公司,消防站,蜀山区,正常可达,3.46,11.69
浩深消防,消防站,瑶海区,正常可达,0.09,6.43
嘉雄消防应急照明,消防站,包河区,不可达,999.0,3.69
安信消防,消防站,庐江县,正常可达,8.45,5.58
长临河镇消防工作站,消防站,肥东县,不可达,999.0,1.93
合肥天广消防设备有限责任公司,消防站,瑶海区,不可达,999.0,0.42
化工园区专职消防救援站,消防站,瑶海区,不可达,999.0,4.55
五金城微型消防站,消防站,包河区,不可达,999.0,3.75
中隐于市微型消防站,消防站,包河区,不可达,999.0,3.85
林新消防科技有限公司,消防站,蜀山区,正常可达,2.73,11.78
安徽维宁消防安全技术有限公司,消防站,蜀山区,正常可达,0.0,14.5
肥西县三河镇政府专职消防队,消防站,肥西县,正常可达,0.0,7.29
安徽兴众达消防材料一站式,消防站,肥东县,正常可达,6.14,5.75
合肥泽诺消防设备有限公司灭火器维修厂,消防站,包河区,正常可达,1.73,7.33
安徽省中信消防工程有限公司,消防站,包河区,正常可达,5.32,6.57
恒基消防技术公司,消防站,蜀山区,正常可达,6.34,8.38
合肥久亿消防材料有限公司,消防站,包河区,不可达,999.0,3.15
中国消防救援,消防站,庐阳区,不可达,999.0,0.27
磨店社区消防工作站,消防站,肥东县,正常可达,0.0,7.98
安徽中众消防技术有限公司,消防站,瑶海区,正常可达,3.67,5.8
安徽乐居消防科技有限公司,消防站,包河区,不可达,999.0,3.48
中国消防救援,消防站,庐阳区,不可达,999.0,2.25
蜀山区平安家园消防救援站,消防站,蜀山区,不可达,999.0,4.8
合肥市瑶海区消防行政服务窗口,消防站,瑶海区,不可达,999.0,0.11
安徽勤志消防,消防站,蜀山区,正常可达,1.27,13.18
消防救援,消防站,肥西县,正常可达,0.0,19.43
合肥消防,消防站,庐阳区,不可达,999.0,1.27
安徽安康消防总仓库,消防站,肥东县,不可达,999.0,0.78
欣旺消防器材(佳兴园店),消防站,蜀山区,正常可达,4.64,11.15
白山镇消防站(公交站),消防站,庐江县,不可达,999.0,0.26
鑫源消防器材,消防站,蜀山区,不可达,999.0,3.78
合肥奕宸消防器材,消防站,包河区,不可达,999.0,3.44
和烨消防消防一站式(华东店),消防站,肥东县,不可达,999.0,1.52
安徽兵安消防科技有限公司,消防站,包河区,正常可达,0.72,6.48
合肥市城建消防事务中心,消防站,庐阳区,不可达,999.0,1.12
安徽皓安消防设备有限公司,消防站,包河区,不可达,999.0,3.58
安徽莱德消防科技有限公司,消防站,包河区,不可达,999.0,3.11
合肥四达消防工程有限公司,消防站,瑶海区,不可达,999.0,1.07
合肥尧安消防工程有限公司,消防站,瑶海区,不可达,999.0,2.15
合肥九路消防报警设备运营中心,消防站,肥东县,不可达,999.0,1.48
合肥拓新消防安全科技有限公司,消防站,长丰县,不可达,999.0,0.93
安徽永坤消防工程有限公司,消防站,肥西县,正常可达,2.24,15.53
龙兴消防,消防站,包河区,不可达,999.0,3.57
红门集团消防实训设备生产基地,消防站,蜀山区,正常可达,2.24,17.07
永达安消防科技工程有限公司,消防站,蜀山区,正常可达,9.84,11.01
浙江信达可恩消防股份有限公司安徽分公司,消防站,蜀山区,正常可达,2.82,6.4
合肥长原消防工程有限责任公司,消防站,蜀山区,不可达,999.0,6.72
安徽崇正消防设备有限公司,消防站,肥东县,不可达,999.0,1.69
蓬辉水箱消防水箱生活水箱厂,消防站,长丰县,不可达,999.0,1.98
安徽消防配件总代理合肥宝辉消防物资,消防站,肥东县,不可达,999.0,1.54
安徽永松消防工程有限公司,消防站,肥东县,不可达,999.0,2.98
合肥途岩消防科技有限公司,消防站,包河区,不可达,999.0,3.49
安徽警阳消防,消防站,肥西县,正常可达,3.99,20.71
华润万象汇微型消防站,消防站,庐阳区,不可达,999.0,0.61
瑶海消防,消防站,瑶海区,正常可达,0.0,0.65
合肥市蜀山区综合应急救援大队,消防站,蜀山区,正常可达,0.0,6.22
阳光里微型消防站,消防站,包河区,正常可达,2.49,8.2
合肥新桥国际机场消防站,消防站,蜀山区,不可达,999.0,0.71
合肥市瑶海区消防安全委员会,消防站,瑶海区,不可达,999.0,0.12
百大周谷堆大兴物流园消防站,消防站,瑶海区,不可达,999.0,0.38
合肥经济技术开发区消防大队丹霞中队,消防站,蜀山区,正常可达,0.0,13.35
琼林苑消防站,消防站,肥东县,正常可达,0.0,7.97
九九夕阳红微型消防站,消防站,瑶海区,不可达,999.0,4.36
庐阳消防,消防站,庐阳区,不可达,999.0,3.59
中建一局消防,消防站,瑶海区,正常可达,1.85,6.49
治安消防岗亭,消防站,包河区,正常可达,1.71,7.74
撮镇镇唐安社区消防办公室,消防站,肥东县,不可达,999.0,0.44
黄巷村淝河大厦微型消防站,消防站,包河区,不可达,999.0,2.98
合肥创新产业园消防站,消防站,蜀山区,正常可达,1.84,11.82
芫东社区微型消防,消防站,包河区,不可达,999.0,2.18
上派镇潭冲社区微型消防站,消防站,肥西县,正常可达,0.68,23.36
合肥微型消防站,消防站,蜀山区,正常可达,2.29,6.72
金寨南路社区消防工作办公室,消防站,包河区,正常可达,2.29,6.45
望江东路社区微型消防站,消防站,包河区,正常可达,2.08,5.77
合肥中菜市消防站,消防站,庐阳区,不可达,999.0,0.84
瑶海区大兴镇微型消防站,消防站,瑶海区,不可达,999.0,0.02
高新区长宁中心社区微型消防站,消防站,蜀山区,正常可达,3.4,13.3
五里庙装饰世界微型消防站,消防站,包河区,不可达,999.0,2.68
常青街道凌大塘社区微型消防站,消防站,包河区,正常可达,3.54,6.65
茶博城微型消防站,消防站,包河区,正常可达,2.49,9.12
上派镇爱和社区微型消防站,消防站,肥西县,正常可达,2.4,21.84
圆通市场微型消防站,消防站,肥西县,正常可达,2.75,21.09
常青街道淝南社区微型消防站,消防站,包河区,正常可达,2.1,7.76
仰光社区微型消防站,消防站,包河区,正常可达,2.07,6.63
合肥首创奥莱微型消防站,消防站,包河区,正常可达,4.61,13.32
庐阳区公安消防大队,消防站,庐阳区,不可达,999.0,0.94
航南社区微型消防站,消防站,包河区,不可达,999.0,2.06
合肥华润万象城微型消防站,消防站,蜀山区,正常可达,3.8,10.33
安徽巢湖经济开发区消防救援大队,消防站,巢湖市,不可达,999.0,7.17
长丰县下塘镇政府专职消防队,消防站,长丰县,不可达,999.0,19.99
水家湖消防救援站,消防站,长丰县,不可达,999.0,25.75
庐江县消防救援局,消防站,庐江县,不可达,999.0,0.52
巢湖市消防救援大队向阳路消防救援站,消防站,巢湖市,不可达,999.0,2.29
巢湖市公安消防大队,消防站,巢湖市,不可达,999.0,0.11
庐江县消防救援大队龙桥消防救援站,消防站,庐江县,不可达,999.0,12.52
肥东县梁园镇政府专职消防队,消防站,肥东县,不可达,999.0,3.08
安徽省大风消防科技有限公司,消防站,长丰县,不可达,999.0,25.05
长丰县义井镇专职消防队,消防站,长丰县,不可达,999.0,30.2
安徽金南方消防通风设备有限公司,消防站,巢湖市,不可达,999.0,3.6
巢湖市居巢消防救援站,消防站,巢湖市,不可达,999.0,0.08
肥东县石塘镇政府专职消防队,消防站,肥东县,不可达,999.0,2.65
长丰县造甲镇政府专职消防队,消防站,长丰县,不可达,999.0,27.35
巢湖市消防救援局,消防站,巢湖市,不可达,999.0,2.3
长丰县朱巷镇政府专职消防站,消防站,长丰县,不可达,999.0,37.99
庐江县东顾山街道消防执勤点,消防站,庐江县,不可达,999.0,3.72
合肥安志消防设备有限公司,消防站,庐江县,不可达,999.0,0.14
庐江县汤池镇消防执勤点,消防站,庐江县,不可达,999.0,11.62
巢湖市消防队对面,消防站,巢湖市,不可达,999.0,7.13
巢湖市国泰消防设备制造有限公司,消防站,巢湖市,不可达,999.0,1.65
合肥金苗消防工程有限公司,消防站,肥东县,不可达,999.0,6.99
南巢消防队,消防站,巢湖市,不可达,999.0,2.87
庐江县岗湾街道消防执勤点,消防站,庐江县,不可达,999.0,2.8
庐江县庐城消防救援站,消防站,庐江县,不可达,999.0,0.53
长丰县杜集镇政府专职消防队,消防站,长丰县,不可达,999.0,37.69
杨庙镇专职消防队,消防站,长丰县,不可达,999.0,24.22
安徽辰龙消防设备制造有限公司,消防站,巢湖市,不可达,999.0,12.64
龙门寺服务区微型消防站治安巡逻,消防站,长丰县,不可达,999.0,17.88
肥西县山南镇消防救援站,消防站,肥西县,不可达,999.0,34.04
庐江县矾山镇消防执勤点,消防站,庐江县,不可达,999.0,13.55
安源消防,消防站,肥西县,不可达,999.0,22.73
巢湖市槐林镇专职消防队,消防站,巢湖市,不可达,999.0,9.87
长丰县朱巷镇应急消防站,消防站,长丰县,不可达,999.0,37.99
官亭消防站,消防站,肥西县,不可达,999.0,21.81
长丰县杜集镇应急消防站,消防站,长丰县,不可达,999.0,37.7
镇政府专职消防队,消防站,肥西县,不可达,999.0,34.81
森林微型消防站,消防站,巢湖市,不可达,999.0,3.6
新桥服务区微型消防站,消防站,蜀山区,不可达,999.0,9.34
天鹅湖体育公园,避难所,蜀山区,正常可达,0.45,9.28
天鹅湖公园,避难所,蜀山区,正常可达,0.45,8.82
绿轴公园,避难所,蜀山区,正常可达,2.38,10.15
石台路公园,避难所,蜀山区,正常可达,0.29,8.63
洪石公园,避难所,蜀山区,正常可达,3.21,7.16
市民公园,避难所,蜀山区,正常可达,2.87,6.83
新月公园,避难所,肥西县,正常可达,1.56,12.13
蜀峰湾体育公园,避难所,蜀山区,正常可达,1.49,7.97
天乐公园,避难所,蜀山区,正常可达,2.68,6.7
凤曦府公园,避难所,蜀山区,正常可达,0.29,9.01
常青体育公园,避难所,包河区,正常可达,0.0,7.11
星际体育公园,避难所,蜀山区,正常可达,5.02,10.8
杜岗游园,避难所,蜀山区,正常可达,0.88,7.18
迈乐小镇儿童体能公园,避难所,蜀山区,正常可达,1.7,12.16
蜀山森林公园,避难所,蜀山区,正常可达,5.43,9.26
合燃公园,避难所,蜀山区,不可达,999.0,4.96
蜀峰湾南湖生态公园(蜀峰湾公园),避难所,蜀山区,正常可达,1.37,8.4
沁心园公园,避难所,蜀山区,正常可达,1.61,10.12
幸福公园,避难所,蜀山区,正常可达,3.41,7.04
翡翠公园,避难所,蜀山区,正常可达,0.89,13.97
南屏公园,避难所,包河区,正常可达,1.03,7.71
旭辉公园,避难所,蜀山区,正常可达,1.58,8.05
庐州公园,避难所,蜀山区,不可达,999.0,3.51
合肥铁路公园,避难所,包河区,正常可达,1.63,6.68
匡河路口袋公园,避难所,蜀山区,正常可达,2.53,11.34
明珠公园,避难所,肥西县,正常可达,1.14,12.39
南艳湖公园,避难所,蜀山区,正常可达,0.49,12.44
庐州公园,避难所,庐阳区,正常可达,0.0,2.22
罍街公园,避难所,包河区,正常可达,0.0,5.79
星澜湾游园,避难所,包河区,正常可达,1.85,9.45
半岛公园,避难所,庐阳区,不可达,999.0,2.4
赵小郢游园,避难所,蜀山区,不可达,999.0,4.89
胡大郢体育公园,避难所,包河区,正常可达,2.27,8.64
环城公园,避难所,庐阳区,不可达,999.0,0.76
望湖公园,避难所,包河区,正常可达,1.26,6.74
石头塘公园,避难所,蜀山区,不可达,999.0,4.74
古逍遥津,避难所,庐阳区,不可达,999.0,0.82
李宁体育园,避难所,蜀山区,正常可达,0.66,13.19
骆岗公园,避难所,包河区,正常可达,3.66,9.69
合肥友好儿童公园,避难所,蜀山区,不可达,999.0,3.6
半岛公园,避难所,蜀山区,正常可达,0.0,6.89
合肥园博园安徽园,避难所,包河区,正常可达,1.44,8.39
商鼎公园,避难所,庐阳区,不可达,999.0,2.21
习友路游园,避难所,蜀山区,正常可达,4.27,10.66
浮庄,避难所,包河区,不可达,999.0,1.79
四季花海公园城市花园,避难所,蜀山区,正常可达,0.0,8.47
合肥庐州公园二期,避难所,蜀山区,不可达,999.0,2.64
飞虹园,避难所,蜀山区,不可达,999.0,4.06
常青游园,避难所,包河区,正常可达,2.46,6.45
四季花海公园C区,避难所,蜀山区,正常可达,0.56,7.31
4AM文体公园,避难所,蜀山区,正常可达,3.27,7.02
拾趣园,避难所,蜀山区,不可达,999.0,2.64
桂湖园,避难所,蜀山区,正常可达,2.02,5.89
趣玩侏罗纪,避难所,蜀山区,不可达,999.0,5.52
低碳花园,避难所,蜀山区,正常可达,1.49,8.03
未来公园,避难所,包河区,正常可达,1.05,7.52
悦动公园,避难所,包河区,正常可达,1.03,7.55
庐州公园1期,避难所,庐阳区,正常可达,0.0,2.2
庐州公园西区,避难所,庐阳区,不可达,999.0,2.94
紫桐公园,避难所,庐阳区,不可达,999.0,1.04
常青体育公园智能步道,避难所,包河区,正常可达,0.0,7.11
南艳湖炮弹厂遗址公园,避难所,蜀山区,正常可达,0.49,12.81
五里墩法治口袋游园,避难所,蜀山区,不可达,999.0,4.23
桃花潭公园,避难所,肥西县,正常可达,1.25,16.45
淝河生态公园,避难所,包河区,正常可达,1.94,6.43
小花园,避难所,庐阳区,不可达,999.0,1.06
雍荣游园,避难所,包河区,不可达,999.0,5.06
沁芳游园,避难所,包河区,正常可达,2.17,7.28
包河重点中心,避难所,包河区,正常可达,0.92,6.46
柏堰开放公园,避难所,肥西县,正常可达,0.91,14.48
四里渠滨水公园,避难所,庐阳区,不可达,999.0,0.06
双水公园,避难所,庐阳区,不可达,999.0,1.42
河滨游园,避难所,庐阳区,不可达,999.0,1.21
信达·天御游园,避难所,包河区,正常可达,1.42,8.67
春台街雕塑艺术公园,避难所,包河区,正常可达,1.59,7.76
蜀山森林公园-梅园,避难所,蜀山区,正常可达,1.26,9.19
集贤音乐公园,避难所,蜀山区,正常可达,1.95,14.35
蜀西湖公园,避难所,蜀山区,正常可达,2.66,11.91
滨河公园,避难所,瑶海区,不可达,999.0,1.94
庐州铁线公园,避难所,庐阳区,不可达,999.0,0.06
大房郢体育公园,避难所,庐阳区,不可达,999.0,0.12
口袋公园,避难所,庐阳区,正常可达,0.0,1.93
繁华公园,避难所,肥西县,正常可达,3.32,15.75
滨水公园,避难所,包河区,不可达,999.0,2.07
合肥工业大学翡翠湖校区校内公园,避难所,蜀山区,正常可达,1.99,14.26
中天左岸公园,避难所,瑶海区,不可达,999.0,1.99
趣滑滑板公园,避难所,蜀山区,正常可达,7.82,10.07
藕塘公园,避难所,庐阳区,不可达,999.0,0.19
匡河公园,避难所,蜀山区,正常可达,2.04,11.31
劳动公园,避难所,包河区,正常可达,0.94,6.66
杏花公园,避难所,庐阳区,不可达,999.0,1.7
合肥西扩公园,避难所,蜀山区,正常可达,2.74,9.96
四季花海公园,避难所,蜀山区,正常可达,1.03,7.77
清溪环保园,避难所,蜀山区,不可达,999.0,3.14
法制口袋公园,避难所,肥西县,正常可达,2.12,13.07
古逍遥津-游园,避难所,庐阳区,不可达,999.0,0.97
墨荷园(不对外开放),避难所,庐阳区,不可达,999.0,1.66
锦绣湖公园(建设中),避难所,包河区,正常可达,6.09,10.67
桃花口袋公园,避难所,肥西县,正常可达,0.79,14.08
易商数码口袋公园(建设中),避难所,肥西县,正常可达,2.08,12.92
海棠公园,避难所,庐阳区,不可达,999.0,0.54
中国铁建·国际城湿地公园,避难所,庐阳区,不可达,999.0,0.09
繁昌路体育公园,避难所,瑶海区,不可达,999.0,1.55
花冲公园,避难所,瑶海区,不可达,999.0,0.41
江淮风情园,避难所,蜀山区,不可达,999.0,2.2
蜀麓公园,避难所,蜀山区,正常可达,0.56,7.6
瑶海公园,避难所,瑶海区,正常可达,0.0,2.33
罍街公园A区,避难所,包河区,正常可达,0.0,5.69
健身公园,避难所,蜀山区,正常可达,1.03,8.0
四里河滨水湿地公园,避难所,庐阳区,不可达,999.0,0.29
滨湖塘西河公园,避难所,包河区,正常可达,0.52,13.82
蜀山城市运动公园,避难所,蜀山区,正常可达,0.33,7.26
四里河滨水生态公园北区,避难所,庐阳区,不可达,999.0,0.23
淝河智慧公园,避难所,包河区,不可达,999.0,4.71
跃动公园,避难所,包河区,不可达,999.0,3.4
南淝河码头公园,避难所,包河区,不可达,999.0,2.08
口袋体育公园,避难所,蜀山区,正常可达,1.11,6.92
万科·璞拾公园,避难所,庐阳区,不可达,999.0,0.76
菱湖公园,避难所,庐阳区,不可达,999.0,3.35
中海上东区街角公园,避难所,蜀山区,正常可达,5.65,9.8
火车口袋公园,避难所,瑶海区,不可达,999.0,0.2
合肥三国新城遗址公园(暂停开放),避难所,庐阳区,不可达,999.0,4.88
合肥生态公园,避难所,瑶海区,不可达,999.0,2.91
塘西河公园沙滩公园,避难所,包河区,正常可达,0.46,14.25
骆岗公园翠澜驿,避难所,包河区,正常可达,0.71,9.54
瑶海区滨河公园,避难所,瑶海区,不可达,999.0,1.78
口袋公园,避难所,庐阳区,不可达,999.0,1.42
古埂公园,避难所,肥西县,正常可达,0.0,21.17
方兴湖公园,避难所,包河区,正常可达,1.07,11.8
贡街公园,避难所,包河区,正常可达,5.11,6.44
金斗公园,避难所,包河区,正常可达,2.76,13.95
四里渠东路公园,避难所,庐阳区,不可达,999.0,0.05
长安时光口袋游园,避难所,肥西县,正常可达,0.79,14.0
紫云湖公园,避难所,肥西县,正常可达,3.0,20.63
欢肆公园,避难所,蜀山区,正常可达,2.41,13.23
塘西河体育公园,避难所,包河区,正常可达,0.0,14.31
云川公园,避难所,包河区,正常可达,1.55,15.43
陶冲湖公园,避难所,瑶海区,正常可达,0.54,6.28
紫云山公园,避难所,包河区,正常可达,0.51,11.61
青年创意田园,避难所,瑶海区,不可达,999.0,2.18
唐桥公园,避难所,瑶海区,不可达,999.0,1.2
新海公园,避难所,瑶海区,不可达,999.0,4.2
汊东渠公园,避难所,蜀山区,正常可达,0.0,6.9
派园,避难所,肥西县,正常可达,1.06,22.49
隆岗柳荫,避难所,瑶海区,不可达,999.0,1.92
天山公园,避难所,包河区,正常可达,0.96,13.57
安徽英利奥体育公园,避难所,庐阳区,不可达,999.0,4.21
蜀山城市运动公园(西区),避难所,蜀山区,正常可达,0.33,7.47
香樟口袋游园(建设中),避难所,肥西县,正常可达,1.14,11.6
合肥巢湖湖滨国家湿地公园,避难所,包河区,正常可达,5.47,9.48
瑶海湾湿地公园,避难所,瑶海区,不可达,999.0,1.5
潭冲河湿地公园,避难所,肥西县,正常可达,0.51,22.32
云谷体育公园,避难所,包河区,正常可达,1.53,16.31
清河路体育公园,避难所,庐阳区,不可达,999.0,3.38
滨湖明珠体育公园,避难所,包河区,正常可达,1.02,13.43
那一家零食公园,避难所,肥西县,正常可达,2.06,14.29
裕丰花市体育公园,避难所,瑶海区,不可达,999.0,1.65
龙栖地湿地公园,避难所,肥东县,不可达,999.0,1.2
安徽大学(磬苑校区)-自然公园,避难所,蜀山区,正常可达,0.62,16.03
天水体育公园,避难所,瑶海区,不可达,999.0,4.73
鲨鱼公园,避难所,庐阳区,不可达,999.0,0.17
长江中路游园,避难所,庐阳区,正常可达,0.0,1.94
庐州公园一期-东入口小公园,避难所,庐阳区,不可达,999.0,1.87
双拥园,避难所,包河区,正常可达,0.0,7.08
北涝圩湿地,避难所,包河区,正常可达,3.39,16.44
下凹绿地,避难所,包河区,正常可达,0.6,8.61
丽景湖公园,避难所,肥西县,正常可达,0.43,21.45
安徽庐阳董铺国家湿地公园,避难所,庐阳区,不可达,999.0,3.46
合肥淮北路公园,避难所,庐阳区,不可达,999.0,2.96
新华口袋公园,避难所,庐阳区,不可达,999.0,2.13
肥光口袋公园,避难所,肥西县,正常可达,3.68,18.43
派河健康主题公园,避难所,肥西县,正常可达,3.61,20.34
庐州公园-健康主题公园,避难所,庐阳区,不可达,999.0,1.96
塘西河公园绿道,避难所,包河区,正常可达,1.07,14.59
莲花公园,避难所,包河区,正常可达,3.64,18.84
瓜牛童心田园,避难所,庐阳区,不可达,999.0,3.44
塘西河-雨水公园,避难所,包河区,正常可达,0.0,14.32
新安江公园,避难所,瑶海区,不可达,999.0,0.89
新站区铁路生态公园,避难所,瑶海区,正常可达,0.88,6.19
兰园,避难所,庐阳区,不可达,999.0,4.51
流香游园,避难所,蜀山区,不可达,999.0,4.0
月亮湾公园,避难所,瑶海区,不可达,999.0,2.46
鸭林冲游园,避难所,瑶海区,不可达,999.0,1.59
华山公园,避难所,包河区,正常可达,1.39,12.3
金斗体育公园,避难所,包河区,正常可达,2.76,13.47
潭冲河走廊公园,避难所,肥西县,正常可达,0.43,21.27
先锋游园,避难所,瑶海区,不可达,999.0,0.99
二十埠河中游湿地,避难所,瑶海区,不可达,999.0,1.71
学林体育公园,避难所,瑶海区,正常可达,0.34,6.93
合肥滨湖体育公园,避难所,包河区,正常可达,0.47,13.98
樱花主题游园(建设中),避难所,蜀山区,正常可达,2.18,13.17
陈俊愉手植梅名木公园,避难所,蜀山区,不可达,999.0,4.27
城东游园,避难所,瑶海区,不可达,999.0,0.81
活力橙公园,避难所,包河区,不可达,999.0,3.08
娘娘池,避难所,庐阳区,不可达,999.0,1.07
黄巷村幸福游园,避难所,包河区,不可达,999.0,2.38
紫云山公园-滨湖人防主题公园,避难所,包河区,正常可达,0.51,11.68
党建主题公园,避难所,包河区,正常可达,1.22,6.5
龙岗游园,避难所,瑶海区,不可达,999.0,2.41
金湖公园,避难所,长丰县,不可达,999.0,2.64
城市广场,避难所,瑶海区,不可达,999.0,0.61
香格里拉城市广场,避难所,蜀山区,正常可达,1.49,6.43
和平文化广场,避难所,肥东县,正常可达,1.25,8.94
湖滨道儿童娱乐小广场,避难所,包河区,正常可达,0.45,12.39
大圩金葡萄文化广场,避难所,包河区,正常可达,1.14,6.07
五合村文体广场,避难所,肥西县,不可达,999.0,2.75
桃花镇顺和社区远教文化广场,避难所,肥西县,正常可达,1.25,17.14
站北文化广场,避难所,瑶海区,不可达,999.0,3.01
永安村葡萄文化广场,避难所,庐江县,不可达,999.0,1.81
金岗村乡贤文化广场,避难所,肥西县,正常可达,7.59,19.57
肥西县四十埠文体广场,避难所,肥西县,正常可达,2.02,22.4
锦绣社区人口文化广场,避难所,蜀山区,正常可达,2.79,15.85
大兴镇文化广场,避难所,瑶海区,不可达,999.0,0.23
花岗镇张店社区人口健康文化广场,避难所,肥西县,正常可达,17.92,32.89
肥西县文化体育公园健身广场,避难所,肥西县,正常可达,0.45,21.58
上海路桥下健身广场,避难所,瑶海区,不可达,999.0,1.5
乡贤文化广场,避难所,肥西县,正常可达,3.03,22.28
文化广场,避难所,瑶海区,不可达,999.0,0.47
淮合花园-文化广场,避难所,瑶海区,不可达,999.0,4.73
湿地广场,避难所,瑶海区,不可达,999.0,5.74
文化广场,避难所,肥东县,不可达,999.0,3.11
法治文化广场,避难所,包河区,不可达,999.0,4.26
淝南家园文化广场,避难所,包河区,正常可达,1.82,7.6
骆岗公园南广场,避难所,包河区,正常可达,1.01,9.41
合肥正大桐山国际广场,避难所,蜀山区,正常可达,1.69,12.24
沁心湖社区文化广场,避难所,包河区,正常可达,1.37,6.84
店埠镇全民健身广场,避难所,肥东县,正常可达,1.39,8.65
龙湖星悦广场,避难所,瑶海区,不可达,999.0,7.72
肥西县远教文化广场,避难所,肥西县,正常可达,0.0,21.17
金罍广场,避难所,包河区,正常可达,1.43,5.69
丰乐镇全民健身广场,避难所,肥西县,正常可达,15.13,16.29
合肥体育中心北广场,避难所,蜀山区,正常可达,3.58,10.71
肥东县市民文化广场,避难所,肥东县,正常可达,1.91,7.8
海恒社区习友志愿服务广场,避难所,蜀山区,正常可达,3.44,11.31
巨石阵广场,避难所,长丰县,不可达,999.0,0.99
天龙广场,避难所,蜀山区,正常可达,0.0,9.1
健身广场,避难所,瑶海区,不可达,999.0,0.63
山门广场,避难所,肥西县,正常可达,1.52,27.55
合肥市包公园-九狮广场,避难所,包河区,不可达,999.0,1.37
南园文化广场,避难所,包河区,不可达,999.0,4.94
长临河镇文化广场,避难所,肥东县,不可达,999.0,1.55
合肥一中教学区广场,避难所,包河区,正常可达,0.71,14.13
合肥佳园广场,避难所,包河区,正常可达,1.32,13.45
安徽财贸职业学院-名人文化广场,避难所,肥西县,正常可达,0.64,17.1
蜀南庭苑中心广场,避难所,蜀山区,正常可达,1.98,10.66
庐州公园一期-休闲广场,避难所,庐阳区,正常可达,0.0,2.22
中国科学技术大学东校区郭沫若广场,避难所,包河区,不可达,999.0,4.96
安徽医科大学-文化广场,避难所,蜀山区,不可达,999.0,4.1
人民广场,避难所,肥东县,正常可达,1.22,8.86
和睦广场,避难所,肥东县,不可达,999.0,5.08
喷泉广场,避难所,包河区,正常可达,0.78,6.59
合肥市滨湖中翔广场,避难所,包河区,正常可达,1.07,13.76
渡江战役纪念馆-北广场,避难所,包河区,正常可达,1.11,10.76
绿地广场,避难所,包河区,不可达,999.0,4.18
罍宝广场,避难所,包河区,正常可达,2.5,5.89
滨湖金融小镇链街广场,避难所,包河区,正常可达,2.81,7.68
蜀山烈士陵园-入口广场,避难所,蜀山区,正常可达,1.37,8.56
黑池坝景区广场,避难所,蜀山区,不可达,999.0,2.33
非遗文化广场,避难所,长丰县,不可达,999.0,2.74
合肥工业大学翡翠湖校区东风广场,避难所,蜀山区,正常可达,1.31,14.31
三十岗乡残疾人文化体育广场,避难所,庐阳区,不可达,999.0,3.26
陈大郢生育文化广场,避难所,肥东县,正常可达,0.0,6.58
紫云山包河文化创意产业园红旗广场,避难所,包河区,正常可达,2.11,6.48
定光社区群众文化广场,避难所,肥东县,正常可达,5.35,6.83
青年广场,避难所,蜀山区,正常可达,0.54,13.8
法治文化广场,避难所,瑶海区,不可达,999.0,1.74
胜利广场,避难所,包河区,正常可达,0.0,10.48
党群文化广场,避难所,瑶海区,不可达,999.0,3.46
四季花海城市公园A区,避难所,蜀山区,正常可达,0.0,8.49
莲花广场,避难所,蜀山区,正常可达,2.07,14.4
撮城广场,避难所,肥东县,不可达,999.0,2.15
梅冲湖社区志愿者服务广场,避难所,长丰县,不可达,999.0,1.37
世纪广场,避难所,蜀山区,正常可达,1.74,12.48
智慧广场,避难所,蜀山区,不可达,999.0,3.03
智力广场,避难所,蜀山区,正常可达,0.0,9.21
陈大郢社区志愿服务广场,避难所,肥东县,正常可达,0.0,6.59
下沉广场,避难所,蜀山区,正常可达,2.72,8.07
古埂公园广场,避难所,肥西县,正常可达,0.0,21.1
石刻文化广场,避难所,庐阳区,不可达,999.0,4.58
北闸广场,避难所,庐江县,不可达,999.0,0.11
清水湾石碑广场,避难所,庐江县,不可达,999.0,1.25
安徽水利水电职业技术学院-师禹广场,避难所,肥东县,不可达,999.0,1.38
新年广场,避难所,蜀山区,正常可达,0.37,13.45
银杏广场,避难所,包河区,正常可达,0.61,6.61
星和广场,避难所,蜀山区,正常可达,1.49,6.75
家家景园社区远教文化广场,避难所,蜀山区,不可达,999.0,4.16
肥西法治广场,避难所,肥西县,正常可达,0.92,21.21
市府广场,避难所,庐阳区,正常可达,1.31,1.63
复兴社区体育健身广场,避难所,肥东县,不可达,999.0,1.96
科技广场,避难所,瑶海区,正常可达,0.54,5.86
安徽大学磬苑校区鸣磬广场,避难所,蜀山区,正常可达,2.87,15.8
雅苑广场,避难所,肥西县,正常可达,0.72,13.02
下沉广场,避难所,包河区,不可达,999.0,2.51
伟人雕像广场,避难所,包河区,正常可达,0.0,10.61
休闲广场,避难所,肥东县,正常可达,10.45,6.78
同心广场,避难所,庐阳区,不可达,999.0,1.6
星球广场,避难所,肥西县,正常可达,1.81,26.18
青年广场,避难所,瑶海区,不可达,999.0,1.05
安居苑中心广场,避难所,蜀山区,正常可达,4.18,5.25
兴华苑-休闲广场,避难所,瑶海区,不可达,999.0,3.84
关镇幸福广场,避难所,包河区,不可达,999.0,2.86
安徽大学磬苑校区磬苑广场,避难所,蜀山区,正常可达,0.0,15.58
严济慈广场,避难所,蜀山区,不可达,999.0,5.48
桃花镇翡翠社区志愿者服务广场,避难所,肥西县,正常可达,2.54,18.24
方圆荟西广场,避难所,包河区,正常可达,1.33,13.18
人大主题广场,避难所,瑶海区,不可达,999.0,1.67
兴园北区广场,避难所,蜀山区,正常可达,1.49,9.38
镇南社区志愿服务广场,避难所,肥东县,正常可达,2.61,7.86
御金广场,避难所,蜀山区,不可达,999.0,4.89
林下广场,避难所,包河区,正常可达,1.42,9.19
美虹社区志愿者服务广场,避难所,蜀山区,不可达,999.0,4.79
城关中学翰林院广场,避难所,肥东县,正常可达,5.79,7.75
合肥杨昊纪念广场,避难所,庐阳区,不可达,999.0,1.12
安徽职业技术大学风华广场,避难所,瑶海区,正常可达,3.78,7.65
廉政文化广场,避难所,包河区,正常可达,2.69,5.85
庐阳法治广场,避难所,庐阳区,不可达,999.0,1.78
凤洲村活动广场,避难所,庐江县,不可达,999.0,0.55
烈士纪念广场,避难所,蜀山区,正常可达,1.07,9.42
都市清华人口文化广场,避难所,庐阳区,不可达,999.0,0.28
入口广场,避难所,包河区,正常可达,0.84,6.82
合肥市包河区志愿服务广场,避难所,包河区,正常可达,0.68,6.8
光明社居委新时代文明实践站党建文化广场,避难所,瑶海区,正常可达,3.57,6.91
肥东法治广场,避难所,肥东县,不可达,999.0,5.03
紫蓬山国家森林公园-休闲集散广场,避难所,肥西县,正常可达,1.52,28.81
有巢广场,避难所,包河区,正常可达,0.84,5.87
骆驼广场,避难所,长丰县,不可达,999.0,2.17
腾辉广场,避难所,肥东县,不可达,999.0,1.35
融创文旅城脸谱广场,避难所,包河区,正常可达,3.07,12.48
中缘广场,避难所,瑶海区,不可达,999.0,1.11
融金广场,避难所,蜀山区,正常可达,1.51,7.6
东门广场,避难所,庐阳区,不可达,999.0,0.23
安徽工商职业学院-大广场,避难所,长丰县,不可达,999.0,2.86
女神环廊广场,避难所,肥西县,正常可达,1.78,24.89
新月志愿服务广场,避难所,蜀山区,正常可达,1.27,12.0
安徽大学磬苑校区东广场,避难所,蜀山区,正常可达,0.0,15.51
文化传媒广场,避难所,蜀山区,正常可达,2.2,10.07
藕广场,避难所,瑶海区,不可达,999.0,0.33
法治广场,避难所,蜀山区,正常可达,3.77,9.0
爱情广场,避难所,庐阳区,不可达,999.0,1.87
逐浪广场,避难所,包河区,不可达,999.0,3.23
南门广场,避难所,包河区,正常可达,0.96,12.83
安徽大学磬苑校区杏坛广场,避难所,蜀山区,正常可达,0.19,15.7
志愿庐阳公益主题广场,避难所,庐阳区,不可达,999.0,1.63
音乐喷泉广场,避难所,瑶海区,不可达,999.0,0.71
林荫广场,避难所,瑶海区,正常可达,0.0,2.25
上派镇珍珠社区志愿服务广场,避难所,肥西县,正常可达,2.59,20.55
合肥紫蓬湾国际高尔夫俱乐部,避难所,肥西县,正常可达,3.67,27.75
中环高尔夫俱乐部,避难所,蜀山区,正常可达,3.56,8.75
合肥双凤湖高尔夫俱乐部,避难所,长丰县,不可达,999.0,4.85
空蝉高尔夫俱乐部,避难所,瑶海区,正常可达,5.6,6.81
超星汇室内高尔夫俱乐部,避难所,蜀山区,正常可达,0.92,8.68
合肥七铁高尔夫俱乐部,避难所,蜀山区,不可达,999.0,5.05
乐高室内高尔夫,避难所,蜀山区,正常可达,0.92,8.49
NICE SHOT室内高尔夫球场,避难所,瑶海区,不可达,999.0,3.58
OASIS高尔夫俱乐部(淮矿和平盛世商业街店),避难所,瑶海区,不可达,999.0,1.41
万振城市广场,避难所,巢湖市,不可达,999.0,3.43
下塘城市公园,避难所,长丰县,不可达,999.0,23.29
绿廊城市公园,避难所,长丰县,不可达,999.0,27.78
中垾文化广场,避难所,巢湖市,不可达,999.0,3.28
山南镇文化活动休闲广场,避难所,肥西县,不可达,999.0,33.8
涂山娇文化广场,避难所,巢湖市,不可达,999.0,11.35
凤凰山街道党建文化广场,避难所,巢湖市,不可达,999.0,4.32
宝地文化广场,避难所,巢湖市,不可达,999.0,3.37
远教文化广场,避难所,肥东县,不可达,999.0,0.5
武术文化广场,避难所,长丰县,不可达,999.0,39.52
陈大户村文化广场,避难所,肥东县,不可达,999.0,2.64
文化广场,避难所,肥东县,不可达,999.0,2.19
农民文化广场,避难所,肥东县,不可达,999.0,5.5
义井镇法治文化广场,避难所,长丰县,不可达,999.0,31.41
梅元村新时代文明实践站文化广场,避难所,长丰县,不可达,999.0,19.24
杨庙镇陶店村远教文化广场,避难所,长丰县,不可达,999.0,23.66
西苑广场,避难所,巢湖市,不可达,999.0,2.53
法治文化广场,避难所,巢湖市,不可达,999.0,2.12
鸽子笼村文化广场,避难所,肥西县,不可达,999.0,30.47
世纪新都中心广场,避难所,巢湖市,不可达,999.0,4.52
始糖文化广场,避难所,长丰县,不可达,999.0,24.9
周瑜广场,避难所,庐江县,不可达,999.0,0.76
摩友广场,避难所,巢湖市,不可达,999.0,1.4
塔山广场,避难所,庐江县,不可达,999.0,1.55
文化体育广场,避难所,肥东县,不可达,999.0,2.5
天河街道盛湾社区远教文化广场,避难所,巢湖市,不可达,999.0,1.87
风荷园广场,避难所,巢湖市,不可达,999.0,3.71
太阳神广场,避难所,庐江县,不可达,999.0,9.45
冶父山-铸剑广场,避难所,庐江县,不可达,999.0,4.06
下塘镇安全文化广场,避难所,长丰县,不可达,999.0,19.45
西山社区文化广场,避难所,巢湖市,不可达,999.0,7.58
散兵镇政法综合广场,避难所,巢湖市,不可达,999.0,8.52
肥东县西小郢东方之音广场,避难所,肥东县,不可达,999.0,1.54
凤凰山街道远教文化广场,避难所,巢湖市,不可达,999.0,4.3
东明巴滩村民广场,避难所,庐江县,不可达,999.0,9.51
冶父山孝慈广场,避难所,庐江县,不可达,999.0,4.08
健康园广场,避难所,巢湖市,不可达,999.0,2.51
黄桃党建广场,避难所,庐江县,不可达,999.0,3.2
白马广场,避难所,肥西县,不可达,999.0,24.97
肥西县长镇回族社区文化广场(民族大舞台),避难所,肥西县,不可达,999.0,16.22
金牛镇山尾中心村文化广场,避难所,庐江县,不可达,999.0,3.47
义井镇迎水村健身广场,避难所,长丰县,不可达,999.0,32.35
党建文化广场,避难所,巢湖市,不可达,999.0,7.73
李桥村慈善文化广场,避难所,肥西县,不可达,999.0,33.31
薛桥文化休闲广场,避难所,长丰县,不可达,999.0,28.43
杨宋村小广场,避难所,肥东县,不可达,999.0,1.39
杨店乡黄栗民族村远教文化广场,避难所,肥东县,不可达,999.0,6.3
月亮湾湿地公园林荫广场,避难所,巢湖市,不可达,999.0,4.92
陶老活动广场,避难所,庐江县,不可达,999.0,10.39
文化活动广场,避难所,肥东县,不可达,999.0,3.9
栏杆集广场,避难所,巢湖市,不可达,999.0,8.85
