district,total_population,exposed_population,affected_population,total_gdp,economic_loss,grid_count,avg_intensity
包河区,1342000,948175,47409,1902.9,67.22,1254,5.19
巢湖市,727000,0,0,669.3,0.0,8449,4.35
庐江县,884000,0,0,731.1,0.0,9626,4.03
庐阳区,744000,744000,42913,1323.8,76.35,547,6.1
瑶海区,901000,901000,56591,804.2,50.51,890,6.3
肥东县,916000,381916,19096,922.5,19.23,8867,4.97
肥西县,1015000,54435,2722,1212.4,3.25,6955,4.6
蜀山区,1084000,706974,35349,1504.6,49.06,2625,5.16
长丰县,842000,360682,21030,1038.6,25.94,7545,5.05
