district,total_population,exposed_population,affected_population,total_gdp,economic_loss,avg_intensity,pop_loss_rate,gdp_loss_rate
包河区,1342000,1342000,390079,1902.9,553.12,7.88,0.2907,0.2907
巢湖市,727000,727000,98922,669.3,91.07,7.05,0.1361,0.1361
庐江县,884000,884000,62879,731.1,52.0,6.73,0.0711,0.0711
庐阳区,744000,744000,372000,1323.8,661.9,8.77,0.5,0.5
瑶海区,901000,901000,450500,804.2,402.1,8.96,0.5,0.5
肥东县,916000,916000,234677,922.5,236.34,7.66,0.2562,0.2562
肥西县,1015000,1015000,195076,1212.4,233.01,7.3,0.1922,0.1922
蜀山区,1084000,1084000,306245,1504.6,425.07,7.85,0.2825,0.2825
长丰县,842000,842000,231609,1038.6,285.69,7.74,0.2751,0.2751
